RowNum,StartTime,EndTime,ViewsGained,FollowersGained,MaxViewers,AverageViewers,FollowersPerHour,ViewsPerHour,LengthMinutes,GamesPlayed
1,2017-09-21 21:15:00.000,2017-09-22 00:15:00.000,5984,36,5390,4636,2.77,460.31,195,GeoGuessr|Crossout|Pinturillo 2
2,2017-09-20 21:15:00.000,2017-09-21 00:00:00.000,4881,49,5988,5245,4.08,406.75,180,GeoGuessr|Tower Unite|Quiplash
3,2017-09-19 20:45:00.000,2017-09-19 23:15:00.000,2160,48,3319,2718,4.36,196.36,165,Life Is Strange
4,2017-09-18 22:15:00.000,2017-09-19 01:15:00.000,4793,45,5325,4911,3.46,368.69,195,Ben and Ed: Blood Party|GoldenEye: Source|London 2012 - The Official Video Game of the Olympic Games
5,2017-09-17 20:30:00.000,2017-09-17 23:30:00.000,3380,97,3527,3074,7.46,260.00,195,Fallout 3
6,2017-09-14 21:15:00.000,2017-09-15 00:15:00.000,4818,51,5363,4562,3.92,370.62,195,The Binding of Isaac: Afterbirth|GeoGuessr|The Jackbox Party Pack 3
7,2017-09-13 21:15:00.000,2017-09-14 00:15:00.000,6174,48,5601,4596,3.69,474.92,195,Tooth and Tail|Sonic &amp; All-Stars Racing Transformed|Quiplash
8,2017-09-12 20:15:00.000,2017-09-12 23:00:00.000,3881,52,2980,2557,4.33,323.42,180,"Life Is Strange|Cook, Serve, Delicious! 2!!"
9,2017-09-11 22:00:00.000,2017-09-12 01:15:00.000,3478,89,5555,4683,6.36,248.43,210,Rock of Ages II: Bigger &amp; Boulder|GoldenEye: Source|Golf It!
10,2017-09-10 20:30:00.000,2017-09-10 23:30:00.000,5416,174,3604,3304,13.38,416.62,195,Fallout 3
11,2017-09-07 21:15:00.000,2017-09-08 00:30:00.000,6323,81,5639,4498,5.79,451.64,210,GeoGuessr|Rock of Ages II: Bigger &amp; Boulder|StarCraft II
12,2017-09-06 21:15:00.000,2017-09-07 00:15:00.000,5880,110,5872,5153,8.46,452.31,195,The Binding of Isaac: Afterbirth|Golf It!|Quiplash
13,2017-09-06 00:45:00.000,2017-09-06 04:00:00.000,2102,31,3039,2731,2.21,150.14,210,PLAYERUNKNOWN'S BATTLEGROUNDS
14,2017-08-30 21:15:00.000,2017-08-31 00:15:00.000,1818,23,4977,3334,1.77,139.85,195,Tower Unite|Ball 3D
15,2017-08-29 20:15:00.000,2017-08-29 23:30:00.000,3943,55,3062,2554,3.93,281.64,210,PLAYERUNKNOWN'S BATTLEGROUNDS
16,2017-08-28 22:15:00.000,2017-08-29 01:15:00.000,5398,140,6405,5767,10.77,415.23,195,Rock of Ages II: Bigger &amp; Boulder|Golf It!|Quiplash
17,2017-08-27 20:15:00.000,2017-08-27 23:15:00.000,7595,265,4295,3857,20.38,584.23,195,Fallout 3
18,2017-08-24 21:15:00.000,2017-08-25 00:15:00.000,5400,91,5751,4715,7.00,415.38,195,Passpartout: The Starving Artist|Party Panic|Pictionary
19,2017-08-23 21:15:00.000,2017-08-24 00:15:00.000,5962,170,6185,5214,13.08,458.62,195,Super Blood Hockey|Absolver|Golf It!|The Jackbox Party Pack 3
20,2017-08-22 20:30:00.000,2017-08-22 23:45:00.000,6584,133,4089,3576,9.50,470.29,210,Absolver|Dauntless|Super Blood Hockey
21,2017-08-21 22:15:00.000,2017-08-22 01:15:00.000,5065,95,5347,4797,7.31,389.62,195,Fire Pro Wrestling World|Ultimate Chicken Horse|Ben and Ed: Blood Party
22,2017-08-20 20:15:00.000,2017-08-20 23:15:00.000,4417,325,4388,3920,25.00,339.77,195,Fallout 3
23,2017-08-17 21:15:00.000,2017-08-18 00:15:00.000,5365,108,6075,5214,8.31,412.69,195,GeoGuessr|Golf It!|The Jackbox Party Pack 3
24,2017-08-16 21:15:00.000,2017-08-17 00:30:00.000,5823,116,5250,4681,8.29,415.93,210,Nidhogg II|SpeedRunners|Pictionary: Ultimate Edition
25,2017-08-15 20:15:00.000,2017-08-15 23:15:00.000,3798,84,3343,2514,6.46,292.15,195,PLAYERUNKNOWN'S BATTLEGROUNDS
26,2017-08-14 22:15:00.000,2017-08-15 01:15:00.000,4971,156,6094,5294,12.00,382.38,195,HITMAN|Ben and Ed: Blood Party|London 2012 - The Official Video Game of the Olympic Games
27,2017-08-13 20:30:00.000,2017-08-13 23:45:00.000,4866,429,5714,4821,30.64,347.57,210,Fallout 3
28,2017-08-11 20:15:00.000,2017-08-11 23:15:00.000,3784,73,3351,2706,5.62,291.08,195,PLAYERUNKNOWN'S BATTLEGROUNDS
29,2017-08-10 21:15:00.000,2017-08-11 00:15:00.000,5089,99,5301,4374,7.62,391.46,195,Ultimate Chicken Horse|Tower Unite|GoldenEye: Source|Who Wants To Be A Millionaire
30,2017-08-07 22:15:00.000,2017-08-08 01:15:00.000,6552,189,6025,5453,14.54,504.00,195,Passpartout: The Starving Artist|Witch It|The Jackbox Party Pack 3
31,2017-08-06 20:15:00.000,2017-08-06 23:00:00.000,6734,294,5214,4167,24.50,561.17,180,Until Dawn|Mario Kart 8
32,2017-08-03 21:15:00.000,2017-08-04 00:15:00.000,5771,177,5350,4518,13.62,443.92,195,The Binding of Isaac: Afterbirth|Golf With Your Friends|The Jackbox Party Pack 3
33,2017-08-02 21:15:00.000,2017-08-03 00:15:00.000,5580,174,5444,4851,13.38,429.23,195,Tricky Towers|Sonic &amp; All-Stars Racing Transformed|London 2012 - The Official Video Game of the Olympic Games
34,2017-08-01 20:15:00.000,2017-08-01 23:45:00.000,4700,111,3786,2974,7.40,313.33,225,PLAYERUNKNOWN'S BATTLEGROUNDS
35,2017-07-31 22:15:00.000,2017-08-01 01:30:00.000,6802,157,6521,5714,11.21,485.86,210,Ben and Ed: Blood Party|Ball 3D|Quiplash
36,2017-07-30 20:15:00.000,2017-07-30 23:00:00.000,4462,193,5577,4787,16.08,371.83,180,Until Dawn
37,2017-07-27 21:15:00.000,2017-07-28 00:00:00.000,6059,200,5195,4586,16.67,504.92,180,Fortnite|Golf It!|Gang Beasts
38,2017-07-26 22:00:00.000,2017-07-27 01:15:00.000,5140,126,5815,5361,9.00,367.14,210,Cannon Brawl|GoldenEye: Source|Ball 3D
39,2017-07-25 22:30:00.000,2017-07-26 01:00:00.000,2445,99,3299,2920,9.00,222.27,165,PLAYERUNKNOWN'S BATTLEGROUNDS
40,2017-07-24 22:15:00.000,2017-07-25 01:15:00.000,5543,172,6383,5494,13.23,426.38,195,HITMAN|Ben and Ed: Blood Party|Tower Unite
41,2017-07-23 20:45:00.000,2017-07-23 23:30:00.000,4386,230,5588,4943,19.17,365.50,180,Until Dawn
42,2017-07-22 02:15:00.000,2017-07-22 04:45:00.000,4613,82,1794,1548,7.45,419.36,165,Gigantic
43,2017-07-20 21:15:00.000,2017-07-21 00:00:00.000,5316,162,5632,5142,13.50,443.00,180,Ben and Ed: Blood Party|Golf With Your Friends
44,2017-07-19 21:15:00.000,2017-07-20 00:30:00.000,6535,129,6053,5326,9.21,466.79,210,Ben and Ed: Blood Party|London 2012 - The Official Video Game of the Olympic Games|The Jackbox Party Pack 3
45,2017-07-17 22:15:00.000,2017-07-18 01:00:00.000,6493,250,5605,4986,20.83,541.08,180,HITMAN|Passpartout: The Starving Artist|Serious Sam's Bogus Detour
46,2017-07-16 20:15:00.000,2017-07-16 23:15:00.000,2427,52,2783,2286,4.00,186.69,195,RimWorld
47,2017-07-13 21:00:00.000,2017-07-14 00:15:00.000,6759,185,5848,4535,13.21,482.79,210,Passpartout: The Starving Artist|Ultimate Chicken Horse|Tower Unite
48,2017-07-12 21:15:00.000,2017-07-13 00:15:00.000,10242,150,5983,5243,11.54,787.85,195,The End is Nigh|Passpartout: The Starving Artist|The Jackbox Party Pack 3
49,2017-07-11 20:00:00.000,2017-07-12 00:00:00.000,5346,149,3888,2972,8.76,314.47,255,PLAYERUNKNOWN'S BATTLEGROUNDS
50,2017-07-10 22:15:00.000,2017-07-11 01:15:00.000,8908,213,5699,4846,16.38,685.23,195,HITMAN|Tower Unite|The Jackbox Party Pack 3
51,2017-07-09 20:15:00.000,2017-07-09 23:15:00.000,4811,100,3174,2827,7.69,370.08,195,RimWorld
52,2017-07-06 21:15:00.000,2017-07-07 00:00:00.000,6418,197,5009,4261,16.42,534.83,180,Passpartout: The Starving Artist|Duck Game|Golf It!
53,2017-07-05 21:15:00.000,2017-07-06 00:00:00.000,4341,123,5302,4621,10.25,361.75,180,The Binding of Isaac: Afterbirth|Sonic &amp; All-Stars Racing Transformed|Pictionary
54,2017-07-04 20:45:00.000,2017-07-04 23:45:00.000,2973,63,3432,2742,4.85,228.69,195,PLAYERUNKNOWN'S BATTLEGROUNDS
55,2017-07-03 22:15:00.000,2017-07-04 01:00:00.000,6468,65,5579,5218,5.42,539.00,180,Passpartout: The Starving Artist|Redout|The Jackbox Party Pack 3
56,2017-06-25 20:15:00.000,2017-06-25 23:15:00.000,3921,42,3144,2849,3.23,301.62,195,RimWorld
57,2017-06-22 21:15:00.000,2017-06-23 00:15:00.000,8995,49,5399,4237,3.77,691.92,195,Passpartout: The Starving Artist|Ultimate Chicken Horse|The Jackbox Party Pack 3
58,2017-06-21 21:15:00.000,2017-06-22 00:15:00.000,10494,69,7216,5758,5.31,807.23,195,Bloody Trapland 2: Curiosity|Passpartout: The Starving Artist|London 2012 - The Official Video Game of the Olympic Games
59,2017-06-19 22:15:00.000,2017-06-20 01:15:00.000,5520,63,6896,6015,4.85,424.62,195,HITMAN|Witch It|Family Feud
60,2017-06-18 20:30:00.000,2017-06-18 23:30:00.000,4134,59,3992,3642,4.54,318.00,195,RimWorld
61,2017-06-15 21:15:00.000,2017-06-16 00:15:00.000,7348,31,6052,5048,2.38,565.23,195,Passpartout: The Starving Artist|Who Wants To Be A Millionaire|GoldenEye: Source
62,2017-06-14 21:15:00.000,2017-06-15 00:15:00.000,5209,48,5149,4539,3.69,400.69,195,PLAYERUNKNOWN'S BATTLEGROUNDS|Passpartout: The Starving Artist|London 2012 - The Official Video Game of the Olympic Games
63,2017-06-13 21:15:00.000,2017-06-14 00:00:00.000,3947,44,3578,3098,3.67,328.92,180,PLAYERUNKNOWN'S BATTLEGROUNDS
64,2017-06-13 20:15:00.000,2017-06-13 20:45:00.000,3586,12,2184,1935,4.00,1195.33,45,PLAYERUNKNOWN'S BATTLEGROUNDS
65,2017-06-12 22:15:00.000,2017-06-13 01:00:00.000,5304,26,6233,5523,2.17,442.00,180,Golf It!|Golf With Your Friends|Vertiginous Golf
66,2017-06-11 19:30:00.000,2017-06-11 21:00:00.000,1460,13,3183,2228,1.86,208.57,105,PLAYERUNKNOWN'S BATTLEGROUNDS
67,2017-06-08 21:15:00.000,2017-06-09 00:00:00.000,4617,26,5011,4435,2.17,384.75,180,The Binding of Isaac: Afterbirth|Gang Beasts|GoldenEye|Golf It!
68,2017-06-07 21:15:00.000,2017-06-08 00:15:00.000,5288,26,6043,5151,2.00,406.77,195,Games + Demos|Ultimate Chicken Horse|The Jackbox Party Pack 3
69,2017-06-06 22:15:00.000,2017-06-07 01:30:00.000,4537,82,3806,3398,5.86,324.07,210,PLAYERUNKNOWN'S BATTLEGROUNDS
70,2017-06-05 22:15:00.000,2017-06-06 01:15:00.000,7584,42,5773,4932,3.23,583.38,195,HITMAN|SpeedRunners|GoldenEye: Source
71,2017-06-04 18:45:00.000,2017-06-04 21:45:00.000,3148,32,2581,1864,2.46,242.15,195,Deus Ex: Human Revolution|PLAYERUNKNOWN'S BATTLEGROUNDS
72,2017-06-01 21:00:00.000,2017-06-02 00:15:00.000,5609,53,4856,3929,3.79,400.64,210,Dead Cells|Duck Game|Family Feud Decades
73,2017-05-31 21:15:00.000,2017-06-01 00:15:00.000,5620,50,5527,4643,3.85,432.31,195,PLAYERUNKNOWN'S BATTLEGROUNDS|Golf With Your Friends|The Jackbox Party Pack 3
74,2017-05-30 20:45:00.000,2017-05-31 01:00:00.000,4752,63,3741,3102,3.50,264.00,270,PLAYERUNKNOWN'S BATTLEGROUNDS
75,2017-05-29 22:15:00.000,2017-05-30 01:15:00.000,6059,45,5496,4983,3.46,466.08,195,HITMAN|Helldivers|GoldenEye: Source
76,2017-05-28 20:15:00.000,2017-05-28 23:15:00.000,3194,26,2362,2113,2.00,245.69,195,Deus Ex: Human Revolution
77,2017-05-25 21:15:00.000,2017-05-26 00:15:00.000,5199,49,5081,4548,3.77,399.92,195,Dead Cells|Ultimate Chicken Horse|Pictionary
78,2017-05-24 21:15:00.000,2017-05-25 00:30:00.000,6586,49,5459,4751,3.50,470.43,210,The Binding of Isaac: Afterbirth|GoldenEye: Source|Golf With Your Friends
79,2017-05-22 22:15:00.000,2017-05-23 01:15:00.000,5971,43,5993,5265,3.31,459.31,195,HITMAN|Half Dead|Worms Revolution
80,2017-05-21 20:15:00.000,2017-05-21 23:15:00.000,3448,32,2652,2365,2.46,265.23,195,Deus Ex: Human Revolution
81,2017-05-18 21:15:00.000,2017-05-19 00:00:00.000,7025,47,5533,4902,3.92,585.42,180,Dead Cells|Quake Champions|The Jackbox Party Pack 3
82,2017-05-17 21:15:00.000,2017-05-18 00:30:00.000,6553,44,5413,4803,3.14,468.07,210,Dead Cells|Ultimate Chicken Horse|Golf With Your Friends
83,2017-05-16 21:30:00.000,2017-05-17 01:45:00.000,8288,163,5149,3847,9.06,460.44,270,PLAYERUNKNOWN'S BATTLEGROUNDS
84,2017-05-15 22:15:00.000,2017-05-16 01:00:00.000,5793,45,5966,5462,3.75,482.75,180,HITMAN|WWE 2K16|The Jackbox Party Pack 3
85,2017-05-14 20:15:00.000,2017-05-14 23:15:00.000,3958,17,3131,2743,1.31,304.46,195,Deus Ex: Human Revolution
86,2017-05-11 21:00:00.000,2017-05-12 00:15:00.000,7415,41,6235,4937,2.93,529.64,210,The Binding of Isaac: Afterbirth|Lethal League
87,2017-05-10 21:15:00.000,2017-05-11 00:15:00.000,5321,49,6119,5243,3.77,409.31,195,The Binding of Isaac: Afterbirth|Golf It!|London 2012 - The Official Video Game of the Olympic Games
88,2017-05-08 22:15:00.000,2017-05-09 01:15:00.000,6346,28,5759,5419,2.15,488.15,195,STRAFE|HITMAN|Family Feud Decades
89,2017-05-07 20:00:00.000,2017-05-07 23:30:00.000,5335,36,3505,2936,2.40,355.67,225,Deus Ex: Human Revolution
90,2017-05-04 21:15:00.000,2017-05-05 00:15:00.000,5890,53,5979,5143,4.08,453.08,195,The Binding of Isaac: Afterbirth|Sonic &amp; All-Stars Racing Transformed|The Jackbox Party Pack 3
91,2017-05-03 21:15:00.000,2017-05-04 00:30:00.000,7762,51,6121,5099,3.64,554.43,210,TumbleSeed|Ultimate Chicken Horse|Family Feud Decades
92,2017-05-03 00:45:00.000,2017-05-03 05:00:00.000,8954,2,3462,3116,0.11,497.44,270,PLAYERUNKNOWN'S BATTLEGROUNDS
93,2017-05-01 22:15:00.000,2017-05-02 01:15:00.000,8050,55,6754,6157,4.23,619.23,195,HITMAN|Golf It!|Golf With Your Friends|The Jackbox Party Pack 3
94,2017-04-30 20:00:00.000,2017-04-30 23:15:00.000,7222,78,4729,3681,5.57,515.86,210,PLAYERUNKNOWN'S BATTLEGROUNDS
95,2017-04-27 21:00:00.000,2017-04-28 00:15:00.000,9302,24,6348,4796,1.71,664.43,210,SpyParty|Family Feud Decades|Pictionary: Ultimate Edition
96,2017-04-25 22:15:00.000,2017-04-25 23:45:00.000,3039,34,4827,3491,4.86,434.14,105,PLAYERUNKNOWN'S BATTLEGROUNDS
97,2017-04-24 22:15:00.000,2017-04-25 01:00:00.000,6649,47,6462,5559,3.92,554.08,180,Ultimate Chicken Horse|Who Wants To Be A Millionaire?|London 2012 - The Official Video Game of the Olympic Games
98,2017-04-23 20:15:00.000,2017-04-23 23:30:00.000,5455,26,2624,2112,1.86,389.64,210,The Witcher 3: Wild Hunt
99,2017-04-20 22:15:00.000,2017-04-21 01:15:00.000,6612,41,5968,4977,3.15,508.62,195,The Binding of Isaac: Afterbirth|PLAYERUNKNOWN'S BATTLEGROUNDS|Pictionary
100,2017-04-19 21:15:00.000,2017-04-20 00:15:00.000,9790,61,6733,5594,4.69,753.08,195,The Binding of Isaac: Afterbirth|Golf It!|The Jackbox Party Pack 3
101,2017-04-09 20:30:00.000,2017-04-09 23:00:00.000,3286,20,2460,2272,1.82,298.73,165,The Witcher 3: Wild Hunt
102,2017-04-06 22:15:00.000,2017-04-07 01:15:00.000,8348,79,5818,4586,6.08,642.15,195,The Binding of Isaac: Afterbirth|PLAYERUNKNOWN'S BATTLEGROUNDS|Pictionary
103,2017-04-05 21:15:00.000,2017-04-06 00:00:00.000,7966,55,6269,5444,4.58,663.83,180,The Binding of Isaac: Afterbirth|Golf With Your Friends|The Jackbox Party Pack 3
104,2017-04-03 22:15:00.000,2017-04-04 01:30:00.000,9407,87,6467,5749,6.21,671.93,210,HITMAN|PLAYERUNKNOWN'S BATTLEGROUNDS|The Jackbox Party Pack 3
105,2017-04-02 20:15:00.000,2017-04-02 23:15:00.000,4316,33,2453,2138,2.54,332.00,195,The Witcher 3: Wild Hunt
106,2017-03-30 22:15:00.000,2017-03-31 01:15:00.000,26709,86,6263,4591,6.62,2054.54,195,The Binding of Isaac: Afterbirth|PLAYERUNKNOWN'S BATTLEGROUNDS|Sonic &amp; All-Stars Racing Transformed
107,2017-03-29 21:15:00.000,2017-03-30 00:15:00.000,9369,31,5614,4850,2.38,720.69,195,Ultimate Chicken Horse|Move or Die|Redout
108,2017-03-27 22:15:00.000,2017-03-28 01:15:00.000,7014,81,6774,5768,6.23,539.54,195,The Binding of Isaac: Afterbirth|HITMAN|PLAYERUNKNOWN'S BATTLEGROUNDS
109,2017-03-26 20:15:00.000,2017-03-26 23:15:00.000,3741,36,2503,2203,2.77,287.77,195,The Witcher 3: Wild Hunt
110,2017-03-23 22:00:00.000,2017-03-24 01:15:00.000,5132,38,5754,4496,2.71,366.57,210,The Binding of Isaac: Afterbirth|Golf With Your Friends|Duck Game
111,2017-03-22 21:15:00.000,2017-03-23 00:15:00.000,8567,44,5729,4633,3.38,659.00,195,The Binding of Isaac: Afterbirth|We Need to Go Deeper|Pictionary
112,2017-03-20 22:15:00.000,2017-03-21 01:15:00.000,7042,26,6370,5466,2.00,541.69,195,The Binding of Isaac: Afterbirth|Streets of Rogue|The Jackbox Party Pack 3
113,2017-03-19 20:30:00.000,2017-03-19 23:30:00.000,4184,6,2559,2221,0.46,321.85,195,The Witcher 3: Wild Hunt
114,2017-03-16 22:15:00.000,2017-03-17 01:00:00.000,6184,26,5065,4741,2.17,515.33,180,Golf It!|The Binding of Isaac: Afterbirth|Disc Jam
115,2017-03-15 21:15:00.000,2017-03-16 00:15:00.000,6494,30,6568,5655,2.31,499.54,195,The Binding of Isaac: Afterbirth|Golf It!
116,2017-03-08 22:15:00.000,2017-03-09 01:15:00.000,8840,67,6089,5407,5.15,680.00,195,The Binding of Isaac: Afterbirth|Gang Beasts
117,2017-03-06 23:15:00.000,2017-03-07 02:15:00.000,6587,29,6653,6058,2.23,506.69,195,The Binding of Isaac: Afterbirth|Sonic &amp; All-Stars Racing Transformed|The Jackbox Party Pack 3
118,2017-03-05 21:15:00.000,2017-03-06 00:15:00.000,5099,35,2883,2476,2.69,392.23,195,The Witcher 3: Wild Hunt
119,2017-03-02 23:00:00.000,2017-03-03 02:15:00.000,7871,26,6114,5011,1.86,562.21,210,The Binding of Isaac: Afterbirth|Golf It!|Pictionary: Ultimate Edition
120,2017-03-01 22:15:00.000,2017-03-02 01:15:00.000,8931,54,6921,5894,4.15,687.00,195,The Binding of Isaac: Afterbirth|The Jackbox Party Pack 3|London 2012 - The Official Video Game of the Olympic Games
121,2017-02-27 23:15:00.000,2017-02-28 02:15:00.000,9379,68,6992,6247,5.23,721.46,195,The Binding of Isaac: Afterbirth|Ultimate Chicken Horse
122,2017-02-26 21:30:00.000,2017-02-27 00:15:00.000,5531,60,3242,2933,5.00,460.92,180,The Witcher 3: Wild Hunt
123,2017-02-23 23:00:00.000,2017-02-24 02:00:00.000,8615,37,6097,5085,2.85,662.69,195,The Binding of Isaac: Afterbirth|Disc Jam|Pictionary
124,2017-02-22 22:15:00.000,2017-02-23 01:15:00.000,8639,47,7583,6508,3.62,664.54,195,The Binding of Isaac: Afterbirth|Golf It!|For Honor
125,2017-02-20 23:15:00.000,2017-02-21 02:15:00.000,6962,79,7864,6985,6.08,535.54,195,The Binding of Isaac: Afterbirth|Duck Game|The Jackbox Party Pack 3
126,2017-02-19 21:15:00.000,2017-02-20 00:15:00.000,5213,24,3293,2764,1.85,401.00,195,The Witcher 3: Wild Hunt
127,2017-02-16 23:15:00.000,2017-02-17 02:15:00.000,7441,32,6873,5859,2.46,572.38,195,The Binding of Isaac: Afterbirth|The Jackbox Party Pack 3|Pictionary
128,2017-02-15 22:15:00.000,2017-02-16 01:15:00.000,7061,36,6401,5306,2.77,543.15,195,Ultimate Chicken Horse|Golf|For Honor
129,2017-02-13 23:15:00.000,2017-02-14 02:15:00.000,8006,51,8271,6760,3.92,615.85,195,The Binding of Isaac: Afterbirth|Scribblenauts Unlimited|Invisigun Heroes
130,2017-02-12 21:30:00.000,2017-02-13 00:15:00.000,3709,25,3382,3087,2.08,309.08,180,The Witcher 3: Wild Hunt
131,2017-02-09 23:15:00.000,2017-02-10 02:15:00.000,7083,41,7351,6210,3.15,544.85,195,Golf With Your Friends|The Binding of Isaac: Afterbirth|For Honor|The Jackbox Party Pack 3
132,2017-02-08 22:15:00.000,2017-02-09 01:30:00.000,13499,102,6280,5521,7.29,964.21,210,The Binding of Isaac: Afterbirth|Sonic &amp; All-Stars Racing Transformed|Golf With Your Friends
133,2017-02-06 23:15:00.000,2017-02-07 02:15:00.000,10047,82,7876,6515,6.31,772.85,195,The Binding of Isaac: Afterbirth|Disc Jam|Gang Beasts
134,2017-02-05 21:15:00.000,2017-02-06 00:15:00.000,5996,58,3297,2975,4.46,461.23,195,The Witcher 3: Wild Hunt
135,2017-02-02 23:15:00.000,2017-02-03 02:15:00.000,8344,75,6954,6095,5.77,641.85,195,The Binding of Isaac: Afterbirth|Sonic &amp; All-Stars Racing Transformed
136,2017-02-01 22:15:00.000,2017-02-02 01:00:00.000,9477,73,6565,6062,6.08,789.75,180,The Binding of Isaac: Afterbirth|Ultimate Chicken Horse|Golf With Your Friends
137,2017-01-31 00:15:00.000,2017-01-31 03:00:00.000,7689,78,8393,7445,6.50,640.75,180,The Binding of Isaac: Afterbirth|Scribblenauts Unlimited|The Jackbox Party Pack 3
138,2017-01-29 21:30:00.000,2017-01-30 00:45:00.000,10618,66,3742,3219,4.71,758.43,210,The Witcher 3: Wild Hunt
139,2017-01-26 23:15:00.000,2017-01-27 02:00:00.000,5792,36,6611,5804,3.00,482.67,180,Ultimate Chicken Horse|Enter the Gungeon|Disc Jam|Pictionary
140,2017-01-25 22:15:00.000,2017-01-26 01:00:00.000,6710,54,7702,6772,4.50,559.17,180,The Binding of Isaac: Afterbirth|Ultimate Chicken Horse
141,2017-01-24 01:30:00.000,2017-01-24 02:15:00.000,8121,20,9012,6345,3.33,1353.50,90,Space Beast Terror Fright
142,2017-01-23 23:15:00.000,2017-01-24 01:00:00.000,12865,92,9012,7750,8.36,1169.55,165,The Binding of Isaac: Afterbirth|Scribblenauts Unlimited|Who Wants To Be A Millionaire?
143,2017-01-22 21:15:00.000,2017-01-23 00:15:00.000,7330,59,3598,3206,4.54,563.85,195,The Witcher 3: Wild Hunt
144,2017-01-19 23:15:00.000,2017-01-20 02:00:00.000,10207,119,9180,7618,9.92,850.58,180,The Binding of Isaac: Afterbirth|Who Wants To Be A Millionaire: UK Edition|Golf With Your Friends
145,2017-01-18 22:15:00.000,2017-01-19 01:15:00.000,11058,129,7419,6695,9.92,850.62,195,The Binding of Isaac: Afterbirth|Ultimate Chicken Horse
146,2017-01-16 23:15:00.000,2017-01-17 02:15:00.000,14836,158,9526,8204,12.15,1141.23,195,The Binding of Isaac: Afterbirth|Disc Jam|The Jackbox Party Pack 3
147,2017-01-15 22:30:00.000,2017-01-16 00:30:00.000,12321,71,3965,3650,6.45,1120.09,165,The Witcher 3: Wild Hunt
148,2017-01-15 21:15:00.000,2017-01-15 22:00:00.000,10369,30,3761,3161,4.29,1481.29,105,The Witcher 3: Wild Hunt
149,2017-01-12 23:15:00.000,2017-01-13 02:15:00.000,11611,108,7856,7193,8.31,893.15,195,The Binding of Isaac: Afterbirth|Dead by Daylight|The Jackbox Party Pack 3
150,2017-01-11 22:15:00.000,2017-01-12 01:30:00.000,11000,106,8179,6963,7.57,785.71,210,The Binding of Isaac: Afterbirth|Disc Jam|Gang Beasts
151,2017-01-09 23:15:00.000,2017-01-10 02:00:00.000,9391,119,9229,7986,9.92,782.58,180,The Binding of Isaac: Afterbirth|Disc Jam|London 2012 - The Official Video Game of the Olympic Games
152,2017-01-08 21:30:00.000,2017-01-09 00:30:00.000,12764,129,4963,4648,9.92,981.85,195,The Witcher 3: Wild Hunt
153,2017-01-05 23:15:00.000,2017-01-06 02:15:00.000,8497,117,9190,7994,9.00,653.62,195,The Binding of Isaac: Afterbirth|Gang Beasts|The Jackbox Party Pack 3
154,2017-01-04 22:15:00.000,2017-01-05 01:00:00.000,17681,172,9636,7779,14.33,1473.42,180,The Binding of Isaac: Afterbirth|Redout|Pictionary
155,2017-01-04 00:30:00.000,2017-01-04 04:30:00.000,34987,1581,17249,14806,93.00,2058.06,255,The Binding of Isaac: Afterbirth
156,2017-01-02 23:15:00.000,2017-01-03 02:15:00.000,12236,118,8869,7483,9.08,941.23,195,The Binding of Isaac: Rebirth|Space Beast Terror Fright|Duck Game
157,2017-01-01 21:15:00.000,2017-01-02 00:30:00.000,12084,290,7937,6316,20.71,863.14,210,The Binding of Isaac: Rebirth
158,2016-12-29 23:15:00.000,2016-12-30 02:15:00.000,8856,120,7418,6714,9.23,681.23,195,The Binding of Isaac: Rebirth|Hearthstone|Ultimate Chicken Horse|The Jackbox Party Pack 3
159,2016-12-28 22:15:00.000,2016-12-29 01:00:00.000,8027,68,7545,6668,5.67,668.92,180,The Binding of Isaac: Rebirth|The Jackbox Party Pack 3|Pictionary
160,2016-12-26 23:15:00.000,2016-12-27 02:15:00.000,7584,100,7737,6746,7.69,583.38,195,The Binding of Isaac: Rebirth
161,2016-12-25 21:30:00.000,2016-12-26 00:15:00.000,7001,131,6298,4912,10.92,583.42,180,The Binding of Isaac: Rebirth
162,2016-12-22 23:15:00.000,2016-12-23 02:30:00.000,16048,87,7366,5537,6.21,1146.29,210,GeoGuessr|The Binding of Isaac: Afterbirth|Gang Beasts|H1Z1: King of the Kill
163,2016-12-21 22:30:00.000,2016-12-22 01:15:00.000,12651,179,8017,7318,14.92,1054.25,180,The Binding of Isaac: Rebirth|Friday the 13th: The Game
164,2016-12-19 23:15:00.000,2016-12-20 02:30:00.000,8928,100,6719,5713,7.14,637.71,210,Ultimate Chicken Horse|Astroneer|H1Z1: King of the Kill
165,2016-12-18 21:15:00.000,2016-12-19 00:00:00.000,4816,28,4103,3459,2.33,401.33,180,HITMAN|Hearthstone
166,2016-12-15 23:15:00.000,2016-12-16 02:00:00.000,10099,33,6108,5404,2.75,841.58,180,Ultimate Chicken Horse|H1Z1: King of the Kill|The Jackbox Party Pack 3
167,2016-12-14 23:15:00.000,2016-12-15 02:15:00.000,10016,119,6451,5519,9.15,770.46,195,The Binding of Isaac: Afterbirth|Gang Beasts|Dead by Daylight
168,2016-12-12 23:00:00.000,2016-12-13 02:15:00.000,7932,52,6339,5303,3.71,566.57,210,Tricky Towers|Ultimate Chicken Horse|Duck Game
169,2016-12-11 21:30:00.000,2016-12-12 00:15:00.000,4488,52,4149,3700,4.33,374.00,180,HITMAN
170,2016-12-08 23:15:00.000,2016-12-09 02:15:00.000,7183,32,5990,5379,2.46,552.54,195,Ultimate Chicken Horse
171,2016-12-07 22:15:00.000,2016-12-08 01:00:00.000,9167,62,6118,5192,5.17,763.92,180,The Binding of Isaac: Afterbirth|Tricky Towers|London 2012 - The Official Video Game of the Olympic Games
172,2016-12-06 23:15:00.000,2016-12-07 02:00:00.000,11984,72,9752,5748,6.00,998.67,180,Ultimate Chicken Horse|Move or Die|The Jackbox Party Pack 3
173,2016-12-05 23:15:00.000,2016-12-06 02:15:00.000,13792,59,6291,5425,4.54,1060.92,195,Ultimate Chicken Horse|Bombernauts|Golf With Your Friends
174,2016-12-04 21:15:00.000,2016-12-05 00:15:00.000,7139,48,5549,4398,3.69,549.15,195,HITMAN|Hearthstone
175,2016-12-02 22:15:00.000,2016-12-03 04:45:00.000,18012,105,5952,4088,3.89,667.11,405,Talk Shows
176,2016-12-02 21:30:00.000,2016-12-02 21:30:00.000,0,0,702,702,0.00,0.00,15,Duck Game
177,2016-12-01 23:45:00.000,2016-12-01 23:45:00.000,0,0,464,464,0.00,0.00,15,Duck Game
178,2016-11-30 21:15:00.000,2016-12-01 00:00:00.000,8142,54,5474,4406,4.50,678.50,180,Ultimate Chicken Horse|Gang Beasts|Duck Game
179,2016-11-28 23:15:00.000,2016-11-29 02:15:00.000,10462,44,6609,6025,3.38,804.77,195,Tricky Towers|Dead by Daylight|The Jackbox Party Pack 3
180,2016-11-27 21:15:00.000,2016-11-28 00:00:00.000,5554,40,4566,3891,3.33,462.83,180,HITMAN
181,2016-11-24 23:15:00.000,2016-11-25 02:00:00.000,5222,25,5159,4386,2.08,435.17,180,Ultimate Chicken Horse|London 2012 - The Official Video Game of the Olympic Games|Keep Talking and Nobody Explodes
182,2016-11-23 22:15:00.000,2016-11-24 01:15:00.000,6825,39,5598,4637,3.00,525.00,195,The Binding of Isaac: Afterbirth|The Jackbox Party Pack 3|Pictionary
183,2016-11-21 23:15:00.000,2016-11-22 02:15:00.000,10892,121,6910,5976,9.31,837.85,195,Ultimate Chicken Horse|Gang Beasts|Golf With Your Friends
184,2016-11-20 21:15:00.000,2016-11-21 00:00:00.000,3583,40,4134,3671,3.33,298.58,180,HITMAN
185,2016-11-17 23:15:00.000,2016-11-18 02:15:00.000,6187,25,5829,5263,1.92,475.92,195,Ultimate Chicken Horse|Runbow|The Jackbox Party Pack 3
186,2016-11-16 22:15:00.000,2016-11-17 01:15:00.000,9263,68,5631,4865,5.23,712.54,195,The Binding of Isaac: Afterbirth|Worms W.M.D|Golf With Your Friends
187,2016-11-14 23:15:00.000,2016-11-15 02:00:00.000,10333,49,7472,5955,4.08,861.08,180,Ultimate Chicken Horse|Quiplash|Rocket League
188,2016-11-13 21:15:00.000,2016-11-14 00:00:00.000,6177,71,4811,4159,5.92,514.75,180,HITMAN
189,2016-11-10 23:15:00.000,2016-11-11 02:15:00.000,8787,64,6059,5388,4.92,675.92,195,Ultimate Chicken Horse|The Culling|Pictionary
190,2016-11-09 22:15:00.000,2016-11-10 01:15:00.000,16664,78,6825,6090,6.00,1281.85,195,Ultimate Chicken Horse|London 2012 - The Official Video Game of the Olympic Games|Quiplash
191,2016-11-07 23:15:00.000,2016-11-08 02:00:00.000,5980,40,6676,5620,3.33,498.33,180,Ultimate Chicken Horse|Gang Beasts|Duck Game
192,2016-11-06 21:15:00.000,2016-11-07 00:15:00.000,6728,49,4657,4030,3.77,517.54,195,HITMAN
193,2016-11-03 22:15:00.000,2016-11-04 01:30:00.000,7300,32,6035,5453,2.29,521.43,210,Ultimate Chicken Horse|Goofball Goals|Gang Beasts
194,2016-11-02 21:45:00.000,2016-11-03 00:15:00.000,5674,55,7430,6433,5.00,515.82,165,The Binding of Isaac: Afterbirth|SpeedRunners|The Jackbox Party Pack 3
195,2016-10-31 22:15:00.000,2016-11-01 01:00:00.000,8185,40,5680,4749,3.33,682.08,180,Ultimate Chicken Horse|Golf With Your Friends|The Culling
196,2016-10-30 20:15:00.000,2016-10-30 23:45:00.000,6710,41,4008,3361,2.73,447.33,225,BioShock|Hearthstone
197,2016-10-27 22:15:00.000,2016-10-28 01:15:00.000,6161,38,5829,5144,2.92,473.92,195,The Binding of Isaac: Afterbirth|Tricky Towers|London 2012 - The Official Video Game of the Olympic Games
198,2016-10-26 21:15:00.000,2016-10-27 00:00:00.000,7945,50,6448,5460,4.17,662.08,180,Ultimate Chicken Horse|The Jackbox Party Pack 3
199,2016-10-24 22:15:00.000,2016-10-25 01:00:00.000,6637,48,6611,5916,4.00,553.08,180,Ultimate Chicken Horse|Who's Your Daddy|The Jackbox Party Pack 3|Keep Talking and Nobody Explodes
200,2016-10-23 20:15:00.000,2016-10-23 23:30:00.000,4293,48,3688,3158,3.43,306.64,210,Grand Theft Auto V
201,2016-10-20 22:15:00.000,2016-10-21 01:15:00.000,8468,58,6751,5611,4.46,651.38,195,The Binding of Isaac: Afterbirth|The Jackbox Party Pack 3
202,2016-10-19 21:15:00.000,2016-10-20 00:15:00.000,8711,50,6492,4877,3.85,670.08,195,Ultimate Chicken Horse|The Jackbox Party Pack 3
203,2016-10-18 20:15:00.000,2016-10-18 23:15:00.000,3713,26,2779,2310,2.00,285.62,195,Grand Theft Auto V
204,2016-10-17 22:15:00.000,2016-10-18 01:15:00.000,8313,94,7224,6386,7.23,639.46,195,Ultimate Chicken Horse|The Jackbox Party Pack 3
205,2016-10-13 18:15:00.000,2016-10-13 21:15:00.000,4766,25,3819,3377,1.92,366.62,195,The Binding of Isaac: Afterbirth|SpyParty|Worms W.M.D
206,2016-10-12 21:15:00.000,2016-10-13 00:15:00.000,5776,27,4546,4033,2.08,444.31,195,Ultimate Chicken Horse|Brawlhalla|Pictionary|Quiplash
207,2016-10-10 22:15:00.000,2016-10-11 01:15:00.000,8049,78,5710,5144,6.00,619.15,195,Shadow Warrior 2|Golf With Your Friends|Ultimate Chicken Horse
208,2016-10-09 20:15:00.000,2016-10-09 23:30:00.000,4484,40,3220,2905,2.86,320.29,210,Grand Theft Auto V
209,2016-10-06 22:15:00.000,2016-10-07 01:15:00.000,7618,36,5344,4478,2.77,586.00,195,Ultimate Chicken Horse|London 2012 - The Official Video Game of the Olympic Games|Pictionary
210,2016-10-05 21:15:00.000,2016-10-06 00:00:00.000,6791,36,5940,5189,3.00,565.92,180,Tricky Towers|Ultimate Chicken Horse|Quiplash
211,2016-10-03 22:15:00.000,2016-10-04 01:15:00.000,6637,52,5805,5315,4.00,510.54,195,The Binding of Isaac: Afterbirth|Viking Squad|Ultimate Chicken Horse
212,2016-10-02 20:15:00.000,2016-10-02 23:15:00.000,5338,63,3923,3470,4.85,410.62,195,Grand Theft Auto V
213,2016-09-29 22:15:00.000,2016-09-30 01:00:00.000,6481,80,6388,5277,6.67,540.08,180,Ultimate Chicken Horse|Tricky Towers|ShellShock Live
214,2016-09-28 21:15:00.000,2016-09-28 23:45:00.000,5040,35,5284,4692,3.18,458.18,165,The Binding of Isaac: Afterbirth|Duck Game|Pictionary|Golf With Your Friends
215,2016-09-26 22:00:00.000,2016-09-27 01:00:00.000,5823,38,6164,5152,2.92,447.92,195,The Binding of Isaac: Afterbirth|Ultimate Chicken Horse|Tricky Towers
216,2016-09-25 20:15:00.000,2016-09-25 23:15:00.000,6456,72,3666,3322,5.54,496.62,195,Grand Theft Auto V
217,2016-09-22 22:15:00.000,2016-09-23 01:15:00.000,8079,60,5108,4597,4.62,621.46,195,The Binding of Isaac: Afterbirth|Golf With Your Friends|Quiplash
218,2016-09-12 22:15:00.000,2016-09-13 01:30:00.000,9174,50,6290,5323,3.57,655.29,210,The Binding of Isaac: Afterbirth|London 2012 - The Official Video Game of the Olympic Games|Pictionary
219,2016-09-12 02:30:00.000,2016-09-12 04:30:00.000,1757,27,2156,1747,3.00,195.22,135,Grand Theft Auto V
220,2016-09-11 20:15:00.000,2016-09-11 23:00:00.000,4288,28,4239,3761,2.33,357.33,180,Grand Theft Auto V
221,2016-09-11 02:30:00.000,2016-09-11 03:30:00.000,8226,19,3789,2947,2.71,1175.14,105,Rocket League
222,2016-09-11 01:15:00.000,2016-09-11 02:00:00.000,2808,24,3789,3364,3.43,401.14,105,The Binding of Isaac: Afterbirth
223,2016-09-08 22:15:00.000,2016-09-09 01:00:00.000,5396,30,5523,4966,2.50,449.67,180,The Binding of Isaac: Afterbirth|Dead by Daylight|Rocket League
224,2016-09-07 21:15:00.000,2016-09-08 00:30:00.000,8525,45,6564,5522,3.21,608.93,210,GeoGuessr|Quiplash|Golf With Your Friends
225,2016-08-31 21:15:00.000,2016-09-01 00:30:00.000,9607,79,5846,5180,5.64,686.21,210,The Binding of Isaac: Afterbirth|Worms W.M.D|Pictionary
226,2016-08-29 22:15:00.000,2016-08-30 01:15:00.000,11142,90,6206,5747,6.92,857.08,195,Half Dead|WWE 2K16|London 2012 - The Official Video Game of the Olympic Games
227,2016-08-28 20:15:00.000,2016-08-28 23:00:00.000,4549,56,4327,3926,4.67,379.08,180,Grand Theft Auto V
228,2016-08-25 22:15:00.000,2016-08-26 01:15:00.000,6431,53,6107,5544,4.08,494.69,195,The Binding of Isaac: Afterbirth|GoldenEye: Source|Quiplash
229,2016-08-24 21:15:00.000,2016-08-25 00:15:00.000,10846,210,6863,5923,16.15,834.31,195,GeoGuessr|Monsters &amp; Monocles|London 2012 - The Official Video Game of the Olympic Games
230,2016-08-22 22:15:00.000,2016-08-23 01:00:00.000,6387,31,6363,5737,2.58,532.25,180,The Binding of Isaac: Afterbirth|GeoGuessr|Quiplash
231,2016-08-21 20:15:00.000,2016-08-21 23:30:00.000,6929,86,4960,4109,6.14,494.93,210,Grand Theft Auto V
232,2016-08-18 22:15:00.000,2016-08-19 01:30:00.000,7955,82,6498,5812,5.86,568.21,210,The Binding of Isaac: Afterbirth|Worms|London 2012 - The Official Video Game of the Olympic Games
233,2016-08-17 21:15:00.000,2016-08-18 00:30:00.000,8999,100,6218,5319,7.14,642.79,210,The Binding of Isaac: Afterbirth|Death Stair|Pictionary
234,2016-08-16 21:15:00.000,2016-08-17 00:00:00.000,6528,29,2870,2478,2.42,544.00,180,Dishonored|Soccer
235,2016-08-15 22:15:00.000,2016-08-16 01:15:00.000,10634,78,5961,5342,6.00,818.00,195,The Binding of Isaac: Afterbirth|Dead by Daylight|Golf With Your Friends
236,2016-08-10 21:15:00.000,2016-08-11 00:15:00.000,9451,72,5923,5238,5.54,727.00,195,The Binding of Isaac: Afterbirth|Worms
237,2016-08-08 22:15:00.000,2016-08-09 01:00:00.000,6737,77,7724,6754,6.42,561.42,180,The Binding of Isaac: Afterbirth|London 2012 - The Official Video Game of the Olympic Games
238,2016-08-07 20:15:00.000,2016-08-07 23:00:00.000,4211,33,3164,2673,2.75,350.92,180,Dishonored
239,2016-08-04 22:15:00.000,2016-08-05 01:15:00.000,6861,86,7324,6523,6.62,527.77,195,The Binding of Isaac: Afterbirth|Quiplash|London 2012 - The Official Video Game of the Olympic Games
240,2016-08-03 21:15:00.000,2016-08-04 00:15:00.000,14239,79,5715,4640,6.08,1095.31,195,The Binding of Isaac: Afterbirth|Dead by Daylight|Pictionary
241,2016-08-01 22:15:00.000,2016-08-02 01:00:00.000,7901,54,7291,6318,4.50,658.42,180,The Binding of Isaac: Afterbirth|Who's Your Daddy|London 2012 - The Official Video Game of the Olympic Games
242,2016-07-31 20:15:00.000,2016-07-31 23:00:00.000,4370,24,3272,2991,2.00,364.17,180,Dishonored
243,2016-07-29 21:15:00.000,2016-07-29 21:30:00.000,2066,22,1946,1694,11.00,1033.00,30,SUPERFIGHT
244,2016-07-28 22:15:00.000,2016-07-29 01:15:00.000,10519,105,6262,5672,8.08,809.15,195,The Binding of Isaac: Afterbirth|WWE 2K16|London 2012 - The Official Video Game of the Olympic Games
245,2016-07-27 21:15:00.000,2016-07-28 00:15:00.000,9506,48,6254,4836,3.69,731.23,195,The Binding of Isaac: Afterbirth|London 2012 - The Official Video Game of the Olympic Games|The Culling
246,2016-07-26 20:15:00.000,2016-07-27 00:15:00.000,8639,41,3224,2682,2.41,508.18,255,The Binding of Isaac: Afterbirth|Duelyst
247,2016-07-25 22:15:00.000,2016-07-26 01:00:00.000,6939,54,6624,5508,4.50,578.25,180,GeoGuessr|RimWorld|Quadrilateral Cowboy
248,2016-07-24 20:15:00.000,2016-07-24 23:45:00.000,5451,42,3145,2694,2.80,363.40,225,The Elder Scrolls V: Skyrim|Videoball
249,2016-07-21 22:15:00.000,2016-07-22 01:00:00.000,8662,40,5855,5017,3.33,721.83,180,The Binding of Isaac: Afterbirth|Evolve|Videoball
250,2016-07-20 21:15:00.000,2016-07-21 00:15:00.000,8289,67,5466,4985,5.15,637.62,195,The Binding of Isaac: Afterbirth|Brawlhalla|Pictionary
251,2016-07-18 22:15:00.000,2016-07-19 01:15:00.000,10016,78,6977,5863,6.00,770.46,195,The Binding of Isaac: Afterbirth|WWE 2K16|Golf With Your Friends
252,2016-07-17 20:15:00.000,2016-07-17 23:15:00.000,6192,69,3353,2869,5.31,476.31,195,The Elder Scrolls V: Skyrim
253,2016-07-14 22:15:00.000,2016-07-15 01:00:00.000,6658,43,6147,5412,3.58,554.83,180,The Binding of Isaac: Afterbirth|WWE 2K16|Videoball
254,2016-07-13 21:15:00.000,2016-07-14 00:00:00.000,9652,70,5806,5117,5.83,804.33,180,The Binding of Isaac: Afterbirth|Worms Revolution|Videoball
255,2016-07-11 22:15:00.000,2016-07-12 01:30:00.000,13946,74,6564,5610,5.29,996.14,210,The Binding of Isaac: Afterbirth|Necropolis|Pictionary
256,2016-07-10 20:00:00.000,2016-07-10 23:15:00.000,5416,100,3413,2790,7.14,386.86,210,The Elder Scrolls V: Skyrim
257,2016-07-07 22:15:00.000,2016-07-08 01:00:00.000,8077,76,5807,5129,6.33,673.08,180,The Binding of Isaac: Afterbirth|WWE 2K16
258,2016-07-06 21:15:00.000,2016-07-07 00:00:00.000,6864,60,5454,4817,5.00,572.00,180,The Binding of Isaac: Afterbirth|The Culling|Pictionary
259,2016-07-04 22:15:00.000,2016-07-05 01:15:00.000,9145,97,6125,5441,7.46,703.46,195,The Binding of Isaac: Afterbirth|WWE 2K16|Dead by Daylight
260,2016-07-03 20:15:00.000,2016-07-03 23:00:00.000,3886,48,2882,2555,4.00,323.83,180,The Elder Scrolls V: Skyrim
261,2016-06-30 22:15:00.000,2016-07-01 01:15:00.000,10426,129,6762,5089,9.92,802.00,195,The Binding of Isaac: Afterbirth|Quiplash|Overwatch
262,2016-06-29 21:15:00.000,2016-06-30 00:15:00.000,12537,66,5481,4781,5.08,964.38,195,The Binding of Isaac: Afterbirth|Duck Game|Pictionary
263,2016-06-27 22:15:00.000,2016-06-28 01:15:00.000,7537,68,6822,6011,5.23,579.77,195,The Binding of Isaac: Afterbirth|Gang Beasts|SUPERFIGHT|Golf With Your Friends
264,2016-06-26 20:15:00.000,2016-06-26 23:30:00.000,8173,106,3749,3074,7.57,583.79,210,The Elder Scrolls V: Skyrim
265,2016-06-23 22:15:00.000,2016-06-24 01:15:00.000,8181,60,6318,5453,4.62,629.31,195,The Binding of Isaac: Afterbirth|Dead by Daylight|Pictionary
266,2016-06-20 22:15:00.000,2016-06-21 01:15:00.000,7140,53,6881,6015,4.08,549.23,195,The Binding of Isaac: Afterbirth|Dead by Daylight|Drawful 2
267,2016-06-19 20:30:00.000,2016-06-19 23:00:00.000,3498,59,3807,3373,5.36,318.00,165,The Elder Scrolls V: Skyrim
268,2016-06-11 20:15:00.000,2016-06-11 22:00:00.000,2918,14,2060,1775,1.75,364.75,120,Space Run
269,2016-06-09 22:15:00.000,2016-06-10 01:00:00.000,6288,52,6656,5755,4.33,524.00,180,The Binding of Isaac: Afterbirth|Quiplash
270,2016-06-08 21:15:00.000,2016-06-09 00:00:00.000,9121,85,6957,5354,7.08,760.08,180,The Binding of Isaac: Afterbirth|Duck Game|Dead by Daylight
271,2016-06-06 22:15:00.000,2016-06-07 01:00:00.000,8288,53,6588,5941,4.42,690.67,180,The Binding of Isaac: Afterbirth|Golf With Your Friends|Family Feud|Who Wants To Be A Millionaire?
272,2016-06-05 20:15:00.000,2016-06-05 23:15:00.000,8685,72,3654,3033,5.54,668.08,195,ShellShock Live|The Elder Scrolls V: Skyrim
273,2016-06-02 22:15:00.000,2016-06-03 01:00:00.000,7902,48,5299,4815,4.00,658.50,180,The Binding of Isaac: Afterbirth|Goofball Goals|ShellShock Live
274,2016-06-01 21:15:00.000,2016-06-02 00:00:00.000,6164,38,5454,4862,3.17,513.67,180,Enter the Gungeon|The Binding of Isaac: Afterbirth|Table Top Racing: World Tour|Pictionary
275,2016-05-30 22:15:00.000,2016-05-31 01:30:00.000,11340,157,6811,5417,11.21,810.00,210,The Binding of Isaac: Afterbirth|Golf With Your Friends|Overwatch
276,2016-05-29 20:15:00.000,2016-05-29 23:00:00.000,4958,68,3603,3179,5.67,413.17,180,The Elder Scrolls V: Skyrim
277,2016-05-26 22:15:00.000,2016-05-27 01:00:00.000,9828,68,5543,4859,5.67,819.00,180,The Binding of Isaac: Afterbirth|Duck Game|Overwatch
278,2016-05-25 21:15:00.000,2016-05-26 00:15:00.000,9820,81,5429,4529,6.23,755.38,195,The Binding of Isaac: Afterbirth|Gang Beasts|Quiplash|Pictionary
279,2016-05-23 22:15:00.000,2016-05-24 01:15:00.000,10366,85,7068,5763,6.54,797.38,195,The Binding of Isaac: Afterbirth|Overwatch|The Culling
280,2016-05-22 20:15:00.000,2016-05-22 23:00:00.000,6036,47,3920,3487,3.92,503.00,180,The Elder Scrolls V: Skyrim
281,2016-05-19 22:15:00.000,2016-05-20 01:30:00.000,7761,59,5975,5357,4.21,554.36,210,GeoGuessr|The Culling|Gang Beasts
282,2016-05-18 21:15:00.000,2016-05-19 00:15:00.000,12214,123,7049,6418,9.46,939.54,195,GeoGuessr|The Culling|Gang Beasts
283,2016-05-16 22:15:00.000,2016-05-17 01:00:00.000,12003,151,7108,6227,12.58,1000.25,180,The Binding of Isaac: Afterbirth|Golf With Your Friends|Quiplash
284,2016-05-15 20:15:00.000,2016-05-15 23:00:00.000,4568,20,2640,2033,1.67,380.67,180,Mass Effect 2
285,2016-05-12 22:15:00.000,2016-05-13 01:00:00.000,9851,70,5950,5461,5.83,820.92,180,Enter the Gungeon|Rocket League|Golf With Your Friends
286,2016-05-11 21:15:00.000,2016-05-12 00:00:00.000,9820,105,6314,5317,8.75,818.33,180,The Binding of Isaac: Afterbirth|Gang Beasts|Pictionary
287,2016-05-09 22:15:00.000,2016-05-10 01:00:00.000,8121,65,5429,4842,5.42,676.75,180,Enter the Gungeon|The Culling|Overwatch
288,2016-05-08 20:15:00.000,2016-05-08 23:00:00.000,2849,4,1862,1644,0.33,237.42,180,Mass Effect 2
289,2016-05-05 22:15:00.000,2016-05-06 01:30:00.000,8801,114,6550,5636,8.14,628.64,210,The Binding of Isaac: Afterbirth|Gang Beasts
290,2016-05-04 21:15:00.000,2016-05-05 00:00:00.000,8309,53,5778,5134,4.42,692.42,180,Enter the Gungeon|Moonshot|The Culling
291,2016-05-03 20:45:00.000,2016-05-03 23:30:00.000,4511,24,1836,1555,2.00,375.92,180,Mass Effect 2
292,2016-05-02 22:15:00.000,2016-05-03 01:00:00.000,8850,73,6606,5733,6.08,737.50,180,Enter the Gungeon|Knight Squad|Duck Game
293,2016-04-21 22:15:00.000,2016-04-22 01:30:00.000,11453,151,6690,5389,10.79,818.07,210,Enter the Gungeon|GeoGuessr|The Culling|Atlas Reactor
294,2016-04-20 21:45:00.000,2016-04-21 02:15:00.000,9805,71,4704,3805,3.74,516.05,285,Paladins|Enter the Gungeon|The Culling
295,2016-04-20 01:15:00.000,2016-04-20 03:00:00.000,1848,7,1530,1334,0.88,231.00,120,Atlas Reactor
296,2016-04-18 22:00:00.000,2016-04-19 01:30:00.000,13455,150,6676,5419,10.00,897.00,225,Dark Souls III
297,2016-04-17 20:15:00.000,2016-04-17 22:00:00.000,2362,12,2118,1788,1.50,295.25,120,Mass Effect 2
298,2016-04-14 22:15:00.000,2016-04-15 01:15:00.000,11051,158,7475,6303,12.15,850.08,195,The Binding of Isaac: Afterbirth|Who's Your Daddy|Quiplash
299,2016-04-13 21:15:00.000,2016-04-14 00:15:00.000,12504,154,6891,6151,11.85,961.85,195,Enter the Gungeon|The Culling|ShellShock Live
300,2016-04-12 20:30:00.000,2016-04-12 23:45:00.000,4563,28,1611,1221,2.00,325.93,210,Paladins
301,2016-04-11 22:15:00.000,2016-04-12 01:00:00.000,10334,133,6597,5747,11.08,861.17,180,Dark Souls III
302,2016-04-10 20:15:00.000,2016-04-10 23:00:00.000,4394,37,2205,1986,3.08,366.17,180,Mass Effect 2
303,2016-04-07 22:15:00.000,2016-04-08 01:15:00.000,12772,163,8368,6555,12.54,982.46,195,Enter the Gungeon|Lethal League|Golf With Your Friends
304,2016-04-06 21:15:00.000,2016-04-07 00:15:00.000,13538,181,8240,6803,13.92,1041.38,195,Enter the Gungeon|The Culling|Ultimate Chicken Horse|ShellShock Live
305,2016-04-04 22:15:00.000,2016-04-05 01:00:00.000,10083,113,7210,6355,9.42,840.25,180,The Binding of Isaac: Afterbirth|Duck Game|Pictionary: Ultimate Edition
306,2016-04-03 20:15:00.000,2016-04-03 23:00:00.000,3715,23,2113,1886,1.92,309.58,180,Mass Effect 2
307,2016-03-31 22:15:00.000,2016-04-01 01:00:00.000,8584,109,7020,6441,9.08,715.33,180,The Binding of Isaac: Afterbirth|The Culling|Golf With Your Friends
308,2016-03-30 21:15:00.000,2016-03-31 00:00:00.000,9330,135,7226,6149,11.25,777.50,180,The Binding of Isaac: Afterbirth|ShellShock Live|Pictionary
309,2016-03-28 22:15:00.000,2016-03-29 01:15:00.000,10237,130,7401,6301,10.00,787.46,195,The Binding of Isaac: Afterbirth|Games + Demos|ShellShock Live
310,2016-03-27 20:15:00.000,2016-03-27 23:00:00.000,3943,24,2205,1830,2.00,328.58,180,Mass Effect 2
311,2016-03-24 22:15:00.000,2016-03-25 01:00:00.000,9697,107,6804,5791,8.92,808.08,180,The Binding of Isaac: Afterbirth|The Culling|Golf With Your Friends
312,2016-03-23 21:15:00.000,2016-03-24 00:15:00.000,11778,173,6779,5778,13.31,906.00,195,The Binding of Isaac: Afterbirth|Enter the Gungeon|ShellShock Live
313,2016-03-04 00:15:00.000,2016-03-04 02:15:00.000,5192,78,6482,5908,8.67,576.89,135,The Binding of Isaac: Afterbirth|Quiplash
314,2016-03-02 22:15:00.000,2016-03-03 01:00:00.000,7853,110,7525,6259,9.17,654.42,180,The Binding of Isaac: Afterbirth|Mount Your Friends|Worms Revolution
315,2016-02-29 23:15:00.000,2016-03-01 02:00:00.000,8679,106,7660,7164,8.83,723.25,180,The Binding of Isaac: Afterbirth|Half Dead|Golf With Your Friends
316,2016-02-28 21:15:00.000,2016-02-29 00:00:00.000,4398,19,2924,2605,1.58,366.50,180,Mass Effect|Mass Effect 2
317,2016-02-25 23:15:00.000,2016-02-26 02:00:00.000,11834,117,7959,7114,9.75,986.17,180,The Binding of Isaac: Afterbirth|Obliteracers|Golf With Your Friends
318,2016-02-24 22:15:00.000,2016-02-25 01:00:00.000,13879,113,7166,5643,9.42,1156.58,180,The Binding of Isaac: Afterbirth|Atlas Reactor|Goofball Goals
319,2016-02-22 23:15:00.000,2016-02-23 02:00:00.000,11344,133,7796,6992,11.08,945.33,180,The Binding of Isaac: Afterbirth|Duck Game|Golf With Your Friends
320,2016-02-21 21:15:00.000,2016-02-22 00:00:00.000,4047,18,2446,2121,1.50,337.25,180,Mass Effect
321,2016-02-18 23:15:00.000,2016-02-19 02:00:00.000,11476,115,7034,6359,9.58,956.33,180,The Binding of Isaac: Afterbirth|Toribash|Golf With Your Friends|Rock of Ages
322,2016-02-17 22:15:00.000,2016-02-18 01:15:00.000,3328,213,6736,5850,16.38,256.00,195,The Binding of Isaac: Afterbirth|The Political Machine 2016|American Truck Simulator
323,2016-02-15 23:15:00.000,2016-02-16 02:00:00.000,0,223,8776,7248,18.58,0.00,180,The Binding of Isaac: Afterbirth|Golf With Your Friends|The Forest
324,2016-02-14 21:15:00.000,2016-02-15 00:00:00.000,0,0,2258,2091,0.00,0.00,180,Mass Effect
325,2016-02-10 22:15:00.000,2016-02-11 01:00:00.000,4848,199,8355,6875,16.58,404.00,180,The Binding of Isaac: Afterbirth|Golf With Your Friends|Move or Die
326,2016-02-08 23:15:00.000,2016-02-09 02:00:00.000,5188,197,8467,6658,16.42,432.33,180,The Binding of Isaac: Afterbirth|Golf With Your Friends|Duck Game|Cobalt
327,2016-02-07 19:45:00.000,2016-02-07 22:30:00.000,1710,23,2236,1886,1.92,142.50,180,Mass Effect
328,2016-02-04 23:15:00.000,2016-02-05 02:00:00.000,2447,118,6576,6010,9.83,203.92,180,The Binding of Isaac: Afterbirth|SpyParty|The Forest
329,2016-02-03 22:15:00.000,2016-02-04 01:00:00.000,2776,172,6942,6185,14.33,231.33,180,The Binding of Isaac: Afterbirth|Cobalt|Quiplash
330,2016-02-01 23:15:00.000,2016-02-02 02:00:00.000,5169,130,7846,6812,10.83,430.75,180,The Binding of Isaac: Afterbirth|Secret Ponchos|Family Feud Decades
331,2016-01-31 18:15:00.000,2016-01-31 20:45:00.000,1910,51,2556,2213,4.64,173.64,165,Mass Effect
332,2016-01-28 23:15:00.000,2016-01-29 02:00:00.000,4668,66,7607,6912,5.50,389.00,180,The Binding of Isaac: Afterbirth|Family Feud 2010 Edition|Family Feud Decades|The Forest
333,2016-01-27 22:15:00.000,2016-01-28 01:00:00.000,4626,209,7297,6333,17.42,385.50,180,The Binding of Isaac: Afterbirth|Goofball Goals|Spelunky|Who's Your Daddy
334,2016-01-25 23:15:00.000,2016-01-26 02:00:00.000,5851,194,7383,6102,16.17,487.58,180,The Binding of Isaac: Afterbirth|Broforce|Worms Revolution|Duck Game
335,2016-01-24 21:15:00.000,2016-01-25 00:00:00.000,2162,50,2997,2821,4.17,180.17,180,Mass Effect
336,2016-01-21 23:15:00.000,2016-01-22 02:15:00.000,4697,115,7449,6297,8.85,361.31,195,The Binding of Isaac: Afterbirth|Move or Die|Worms Revolution
337,2016-01-20 22:15:00.000,2016-01-21 01:00:00.000,5509,259,7824,6802,21.58,459.08,180,The Binding of Isaac: Afterbirth|SpyParty|Quiplash|The Forest
338,2016-01-19 00:00:00.000,2016-01-19 03:00:00.000,5148,300,7808,6191,23.08,396.00,195,The Binding of Isaac: Afterbirth|Duck Game|Vertiginous Golf
339,2016-01-13 22:15:00.000,2016-01-14 01:00:00.000,5419,287,7874,6182,23.92,451.58,180,The Binding of Isaac: Afterbirth|CRYPTARK|Bombernauts
340,2016-01-11 23:00:00.000,2016-01-12 02:15:00.000,5598,293,8915,6917,20.93,399.86,210,The Binding of Isaac: Afterbirth|Duck Game|Quiplash
341,2016-01-10 21:15:00.000,2016-01-11 00:00:00.000,1869,128,2941,2509,10.67,155.75,180,Fallout 4|The Binding of Isaac: Afterbirth
342,2016-01-07 23:15:00.000,2016-01-08 02:00:00.000,5206,173,6870,5667,14.42,433.83,180,The Binding of Isaac: Afterbirth|Tharsis|Duck Game
343,2016-01-06 22:15:00.000,2016-01-07 00:45:00.000,2868,128,4482,3934,11.64,260.73,165,The Binding of Isaac: Afterbirth|Rocket League|Quiplash
344,2016-01-04 23:15:00.000,2016-01-05 02:00:00.000,3238,89,5257,4366,7.42,269.83,180,The Binding of Isaac: Afterbirth|Duck Game
345,2016-01-03 21:15:00.000,2016-01-04 00:00:00.000,1886,112,2699,2306,9.33,157.17,180,Fallout 4
346,2015-12-31 23:15:00.000,2016-01-01 02:00:00.000,4747,299,6651,5505,24.92,395.58,180,The Binding of Isaac: Afterbirth|Games + Demos|Duck Game
347,2015-12-30 22:15:00.000,2015-12-31 01:00:00.000,3632,165,4952,4484,13.75,302.67,180,The Binding of Isaac: Afterbirth|Deathstate|Worms Revolution
348,2015-12-28 23:15:00.000,2015-12-29 02:15:00.000,5421,400,7612,6540,30.77,417.00,195,The Binding of Isaac: Afterbirth|Duck Game|Tom Clancy's Rainbow Six: Siege
349,2015-12-27 21:15:00.000,2015-12-28 00:00:00.000,2558,139,2736,2317,11.58,213.17,180,Fallout 4
350,2015-12-24 23:15:00.000,2015-12-25 02:15:00.000,2643,129,4053,3463,9.92,203.31,195,The Binding of Isaac: Afterbirth|GeoGuessr|Tom Clancy's Rainbow Six: Siege
351,2015-12-23 22:15:00.000,2015-12-24 01:00:00.000,4096,109,4522,3792,9.08,341.33,180,The Binding of Isaac: Afterbirth|Duck Game|Rocket League
352,2015-12-21 23:15:00.000,2015-12-22 02:00:00.000,5896,352,8432,6717,29.33,491.33,180,The Binding of Isaac: Afterbirth|Duck Game|Tom Clancy's Rainbow Six: Siege
353,2015-12-20 21:15:00.000,2015-12-21 00:00:00.000,2350,61,2630,2147,5.08,195.83,180,Fallout 4
354,2015-12-20 01:15:00.000,2015-12-20 04:15:00.000,2151,91,3779,3068,7.00,165.46,195,The Binding of Isaac: Afterbirth|Tom Clancy's Rainbow Six: Siege
355,2015-12-18 23:15:00.000,2015-12-19 02:30:00.000,6353,392,6369,5348,28.00,453.79,210,The Binding of Isaac: Afterbirth|GeoGuessr|Tom Clancy's Rainbow Six: Siege
356,2015-12-13 21:15:00.000,2015-12-13 23:00:00.000,1360,59,3222,2534,7.38,170.00,120,Fallout 4
357,2015-12-11 00:30:00.000,2015-12-11 02:15:00.000,5112,178,7039,5032,17.80,511.20,150,Spelunky|Worms Reloaded
358,2015-12-10 23:15:00.000,2015-12-11 00:00:00.000,3980,181,7039,5808,25.86,568.57,105,The Binding of Isaac: Afterbirth
359,2015-12-09 22:15:00.000,2015-12-10 01:00:00.000,3086,94,4771,4165,7.83,257.17,180,The Binding of Isaac: Afterbirth|Duck Game|Helldivers
360,2015-12-07 23:30:00.000,2015-12-08 02:00:00.000,4416,317,8698,6788,28.82,401.45,165,The Binding of Isaac: Afterbirth|Dark Souls|20XX
361,2015-12-06 21:15:00.000,2015-12-07 00:00:00.000,2394,139,3366,2900,11.58,199.50,180,Fallout 4
362,2015-12-02 22:15:00.000,2015-12-03 01:15:00.000,3045,111,5079,4400,8.54,234.23,195,The Binding of Isaac: Afterbirth|Duck Game
363,2015-11-30 23:15:00.000,2015-12-01 02:00:00.000,5784,220,8867,6373,18.33,482.00,180,The Binding of Isaac: Afterbirth|Keep Talking and Nobody Explodes|Rocket League
364,2015-11-29 21:15:00.000,2015-11-30 00:00:00.000,3012,191,4124,3462,15.92,251.00,180,Fallout 4
365,2015-11-26 23:15:00.000,2015-11-27 02:00:00.000,4846,284,8540,5584,23.67,403.83,180,The Binding of Isaac: Afterbirth|Dungeon of the Endless|XCOM: Enemy Within
366,2015-11-25 22:15:00.000,2015-11-26 01:00:00.000,5971,199,6897,5579,16.58,497.58,180,The Binding of Isaac: Afterbirth|Duck Game|Helldivers
367,2015-11-23 23:15:00.000,2015-11-24 02:00:00.000,5125,266,8033,6343,22.17,427.08,180,The Binding of Isaac: Afterbirth|Duck Game|Helldivers
368,2015-11-22 21:15:00.000,2015-11-23 00:00:00.000,2551,137,4436,3459,11.42,212.58,180,Fallout 4
369,2015-11-19 23:15:00.000,2015-11-20 02:30:00.000,5344,303,7516,5320,21.64,381.71,210,The Binding of Isaac: Afterbirth|Spelunky|Rocket League
370,2015-11-18 22:15:00.000,2015-11-19 01:00:00.000,5578,262,7387,6087,21.83,464.83,180,The Binding of Isaac: Afterbirth|Worms Revolution|Tabletop Simulator
371,2015-11-16 23:15:00.000,2015-11-17 02:00:00.000,5805,344,8525,6084,28.67,483.75,180,The Binding of Isaac: Afterbirth|Rocket League|Duck Game
372,2015-11-15 21:15:00.000,2015-11-16 00:00:00.000,2888,165,6017,3971,13.75,240.67,180,Fallout 4
373,2015-11-12 23:15:00.000,2015-11-13 02:00:00.000,4603,215,7499,5368,17.92,383.58,180,The Binding of Isaac: Afterbirth|SpeedRunners|Brawlhalla
374,2015-11-11 22:15:00.000,2015-11-12 01:00:00.000,5544,312,7035,5819,26.00,462.00,180,The Binding of Isaac: Afterbirth|Duck Game|The Jackbox Party Pack 2
375,2015-11-09 23:15:00.000,2015-11-10 02:15:00.000,6254,263,7670,5315,20.23,481.08,195,The Binding of Isaac: Afterbirth|Duck Game|Rocket League
376,2015-11-09 18:15:00.000,2015-11-09 21:00:00.000,4481,237,4757,3960,19.75,373.42,180,Fallout 4
377,2015-11-08 21:15:00.000,2015-11-09 00:00:00.000,3642,258,7642,5134,21.50,303.50,180,The Binding of Isaac: Afterbirth|Dark Souls
378,2015-11-05 23:15:00.000,2015-11-06 02:00:00.000,4705,201,7656,5471,16.75,392.08,180,The Binding of Isaac: Afterbirth|TowerClimb|Bombernauts
379,2015-11-04 22:15:00.000,2015-11-05 01:00:00.000,7642,624,9622,8406,52.00,636.83,180,The Binding of Isaac: Afterbirth
380,2015-11-02 23:15:00.000,2015-11-03 02:15:00.000,7919,713,10006,7310,54.85,609.15,195,The Binding of Isaac: Afterbirth|Duck Game
381,2015-11-01 20:15:00.000,2015-11-01 22:45:00.000,3818,231,7238,5466,21.00,347.09,165,The Binding of Isaac: Afterbirth
382,2015-10-30 20:30:00.000,2015-10-30 23:45:00.000,9780,539,10222,8415,38.50,698.57,210,The Binding of Isaac: Afterbirth
383,2015-10-29 22:15:00.000,2015-10-30 00:45:00.000,5949,228,7041,5921,20.73,540.82,165,The Binding of Isaac: Rebirth|Downwell|Cannon Brawl
384,2015-10-28 21:15:00.000,2015-10-29 00:00:00.000,5435,164,5560,4849,13.67,452.92,180,Dark Souls
385,2015-10-26 22:15:00.000,2015-10-27 01:00:00.000,6409,265,7073,5823,22.08,534.08,180,Spelunky|Keep Talking and Nobody Explodes|Rocket League
386,2015-10-26 00:45:00.000,2015-10-26 03:30:00.000,1859,97,3199,2671,8.08,154.92,180,Fallout: New Vegas|Nuclear Throne|GeoGuessr
387,2015-10-22 22:15:00.000,2015-10-23 01:15:00.000,4379,78,5525,4396,6.00,336.85,195,Spelunky|Nuclear Throne|Hard West|GeoGuessr
388,2015-10-21 21:15:00.000,2015-10-22 00:00:00.000,4854,117,5384,4652,9.75,404.50,180,Downwell|Nuclear Throne
389,2015-10-19 22:15:00.000,2015-10-20 01:00:00.000,5894,184,7694,6205,15.33,491.17,180,Spelunky|Keep Talking and Nobody Explodes|Quiplash
390,2015-10-18 20:15:00.000,2015-10-18 23:00:00.000,2765,98,3625,3038,8.17,230.42,180,Fallout: New Vegas
391,2015-10-15 22:15:00.000,2015-10-16 01:00:00.000,5562,190,6276,4932,15.83,463.50,180,The Binding of Isaac: Rebirth|Keep Talking and Nobody Explodes|Rocket League
392,2015-10-14 21:00:00.000,2015-10-15 00:00:00.000,6010,164,6833,4875,12.62,462.31,195,The Binding of Isaac: Rebirth|Keep Talking and Nobody Explodes|Rocket League
393,2015-10-11 20:15:00.000,2015-10-11 23:00:00.000,2203,77,3101,2754,6.42,183.58,180,Fallout: New Vegas
394,2015-10-07 21:15:00.000,2015-10-08 00:00:00.000,5194,240,6623,5418,20.00,432.83,180,The Binding of Isaac: Rebirth|Worms Revolution|The Jackbox Party Pack 2
395,2015-10-05 23:15:00.000,2015-10-06 02:00:00.000,5704,325,7845,6387,27.08,475.33,180,The Binding of Isaac: Rebirth|Duck Game|Keep Talking and Nobody Explodes
396,2015-10-04 21:15:00.000,2015-10-05 00:00:00.000,2230,86,3351,3075,7.17,185.83,180,Fallout: New Vegas
397,2015-10-01 22:15:00.000,2015-10-02 01:00:00.000,4282,93,5102,4427,7.75,356.83,180,The Binding of Isaac: Rebirth|Rampage Knights|Bombernauts
398,2015-09-30 21:15:00.000,2015-10-01 00:00:00.000,4835,127,6326,5330,10.58,402.92,180,The Binding of Isaac: Rebirth|Nuclear Throne|Duck Game|Are You Smarter Than a 5th Grader?
399,2015-09-29 04:15:00.000,2015-09-29 07:00:00.000,836,30,1048,987,2.50,69.67,180,Magic Duels
400,2015-09-28 22:15:00.000,2015-09-29 01:00:00.000,5068,187,7020,5613,15.58,422.33,180,The Binding of Isaac: Rebirth|TowerClimb|Rocket League
401,2015-09-27 20:15:00.000,2015-09-27 23:00:00.000,2759,121,3781,3432,10.08,229.92,180,Fallout: New Vegas
402,2015-09-24 22:15:00.000,2015-09-25 01:00:00.000,4674,186,6884,5083,15.50,389.50,180,The Binding of Isaac: Rebirth|Goofball Goals|20XX
403,2015-09-23 21:15:00.000,2015-09-24 00:00:00.000,5396,237,7094,5682,19.75,449.67,180,The Binding of Isaac: Rebirth|Nuclear Throne|Quiplash|Worms Revolution
404,2015-09-22 04:15:00.000,2015-09-22 07:00:00.000,1182,36,1251,1106,3.00,98.50,180,Magic Duels
405,2015-09-21 22:15:00.000,2015-09-22 01:30:00.000,6264,198,7061,5702,14.14,447.43,210,The Binding of Isaac: Rebirth|SpeedRunners
406,2015-09-20 20:15:00.000,2015-09-20 23:15:00.000,2494,85,3520,3110,6.54,191.85,195,Fallout: New Vegas
407,2015-09-17 22:15:00.000,2015-09-18 01:00:00.000,4997,111,5671,4920,9.25,416.42,180,The Binding of Isaac: Rebirth|Shovel Knight|20XX
408,2015-09-16 21:15:00.000,2015-09-17 00:00:00.000,5279,118,6224,5519,9.83,439.92,180,The Binding of Isaac: Rebirth|Nuclear Throne|Worms Revolution|Family Feud
409,2015-09-15 04:15:00.000,2015-09-15 07:00:00.000,1436,34,1569,1465,2.83,119.67,180,Magic Duels
410,2015-09-14 22:15:00.000,2015-09-15 01:15:00.000,5413,102,6399,5562,7.85,416.38,195,The Binding of Isaac: Rebirth|Nuclear Throne|Party Hard|Tabletop Simulator
411,2015-09-13 22:15:00.000,2015-09-14 01:00:00.000,2627,73,3541,3206,6.08,218.92,180,Fallout: New Vegas
412,2015-09-10 22:15:00.000,2015-09-11 01:00:00.000,4835,68,5900,4736,5.67,402.92,180,The Binding of Isaac: Rebirth|Dandy: Or a Brief Glimpse Into the Life of the Candy Alchemist|Rampage Knights
413,2015-09-09 22:15:00.000,2015-09-10 01:00:00.000,5387,157,6170,5269,13.08,448.92,180,The Binding of Isaac: Rebirth|Duck Game|Tabletop Simulator
414,2015-09-07 22:15:00.000,2015-09-08 01:00:00.000,5552,169,6131,5282,14.08,462.67,180,The Binding of Isaac: Rebirth|Broforce|Tabletop Simulator
415,2015-09-06 22:30:00.000,2015-09-07 01:00:00.000,4529,359,7786,4528,32.64,411.73,165,Rocket League
416,2015-09-06 19:15:00.000,2015-09-06 21:45:00.000,2548,64,3438,2724,5.82,231.64,165,Fallout: New Vegas
417,2015-09-05 19:30:00.000,2015-09-05 21:45:00.000,2694,163,3671,2528,16.30,269.40,150,Rocket League
418,2015-09-03 22:15:00.000,2015-09-04 01:00:00.000,5033,72,5226,4784,6.00,419.42,180,The Binding of Isaac: Rebirth|Nuclear Throne|Turbo Dismount|Family Feud
419,2015-09-02 21:15:00.000,2015-09-03 00:00:00.000,5032,118,5542,4878,9.83,419.33,180,The Binding of Isaac: Rebirth|Full Mojo Rampage|Worms Revolution|Duck Game
420,2015-08-24 22:15:00.000,2015-08-25 01:15:00.000,4069,95,4747,4022,7.31,313.00,195,The Binding of Isaac: Rebirth|Nuclear Throne|Rocket League|Vertiginous Golf
421,2015-08-23 21:30:00.000,2015-08-24 00:45:00.000,7992,794,9604,6503,56.71,570.86,210,Rocket League
422,2015-08-23 18:15:00.000,2015-08-23 20:45:00.000,3226,137,3427,2835,12.45,293.27,165,Fallout: New Vegas
423,2015-08-20 22:00:00.000,2015-08-21 01:00:00.000,5916,201,6760,5037,15.46,455.08,195,Bombernauts|The Binding of Isaac: Rebirth|Goofball Goals|SpyParty
424,2015-08-19 21:15:00.000,2015-08-20 00:00:00.000,6289,271,7031,5968,22.58,524.08,180,The Binding of Isaac: Rebirth|Worms Revolution|Bombernauts
425,2015-08-17 22:15:00.000,2015-08-18 01:00:00.000,6949,236,7193,6444,19.67,579.08,180,The Binding of Isaac: Rebirth|Duck Game|Game Dev Tycoon
426,2015-08-16 20:15:00.000,2015-08-16 23:00:00.000,3317,123,4410,3869,10.25,276.42,180,Fallout: New Vegas
427,2015-08-13 22:15:00.000,2015-08-14 01:00:00.000,5644,217,7477,5918,18.08,470.33,180,The Binding of Isaac: Rebirth|Nuclear Throne|Who Wants To Be A Millionaire: UK Edition
428,2015-08-12 21:15:00.000,2015-08-13 00:00:00.000,6472,151,6501,5995,12.58,539.33,180,The Binding of Isaac: Rebirth|Nuclear Throne|Games + Demos|Worms Revolution
429,2015-08-10 22:15:00.000,2015-08-11 01:00:00.000,6630,224,7333,6101,18.67,552.50,180,The Binding of Isaac: Rebirth|OlliOlli 2: Welcome to OlliWood|Rocket League
430,2015-08-09 20:15:00.000,2015-08-09 23:00:00.000,3381,141,4443,3963,11.75,281.75,180,Fallout: New Vegas
431,2015-08-06 22:15:00.000,2015-08-07 01:15:00.000,5650,203,6253,5518,15.62,434.62,195,The Binding of Isaac: Rebirth|Olympia Rising|Quiplash
432,2015-08-05 21:15:00.000,2015-08-06 00:00:00.000,7056,235,6660,5136,19.58,588.00,180,The Binding of Isaac: Rebirth|Brawlhalla|Rocket League
433,2015-08-03 22:15:00.000,2015-08-04 01:15:00.000,6322,125,6565,5163,9.62,486.31,195,The Binding of Isaac: Rebirth|Bombernauts|Duck Game
434,2015-08-02 20:15:00.000,2015-08-02 23:00:00.000,3800,137,4507,3715,11.42,316.67,180,Fallout: New Vegas
435,2015-07-30 22:15:00.000,2015-07-31 01:00:00.000,6798,146,5874,4860,12.17,566.50,180,The Binding of Isaac: Rebirth|Duck Game|SpeedRunners
436,2015-07-30 00:30:00.000,2015-07-30 01:00:00.000,1550,60,4227,3392,12.00,310.00,75,Bombernauts
437,2015-07-29 22:15:00.000,2015-07-30 00:00:00.000,5050,169,4308,3749,15.36,459.09,165,The Binding of Isaac: Rebirth|Nuclear Throne
438,2015-07-27 22:15:00.000,2015-07-28 01:00:00.000,8887,181,6658,5865,15.08,740.58,180,The Binding of Isaac: Rebirth|Nuclear Throne|Family Feud 2010 Edition|Rocket League
439,2015-07-26 20:15:00.000,2015-07-26 23:00:00.000,4120,132,3758,3171,11.00,343.33,180,Fallout: New Vegas
440,2015-07-20 01:00:00.000,2015-07-20 03:30:00.000,3967,131,3834,3060,11.91,360.64,165,Fallout: New Vegas
441,2015-07-19 20:15:00.000,2015-07-19 22:45:00.000,6153,208,5440,4480,18.91,559.36,165,Fallout: New Vegas
